,Hachback,year
0,654580.3239413798,2025
1,668756.4050343931,2026
2,672608.8947080374,2027
3,673880.4865269065,2028
4,674119.7192037702,2029
5,673842.7723096907,2030
